Workbook
Name Slicer_Product_Category: #N/A
Name Slicer_Region: #N/A

Sheet Executive Dashbboard
A1: EXECUTIVE SALES PERFOMANCE DASHBOARD
B3: TOTAL REVENUE | E3: TOTAL TARGET | H3: AVG ACHIEVEMENT
B4: =SUM( 'Sales Data Master'!F2:F11) -> 763000 | E4: =SUM('Sales Data Master'!E2:E11) -> 725000 | H4: =AVERAGE('Sales Data Master'!G2:G11) -> 1.0355374
B7: REGIONAL PERFOMANCE SUMMARY
B8: Region | C8: Total Revenue | E8: Total Target | G8: Avg Achievement %
B9: North | C9: =SUMIFS('Sales Data Master'!F$2:F$11,'Sales Data Master'!B$2:B$11, B9) -> 265000 | E9: =SUMIFS('Sales Data Master'!E$2:E$11, 'Sales Data Master'!B$2:B$11,B9) -> 225000 | G9: =AVERAGEIFS('Sales Data Master'!G$2:G$11, 'Sales Data Master'!B$2:B$11,B9) -> 1.1660088
B10: South | C10: =SUMIFS('Sales Data Master'!F$2:F$11,'Sales Data Master'!B$2:B$11, B10) -> 127000 | E10: =SUMIFS('Sales Data Master'!E$2:E$11, 'Sales Data Master'!B$2:B$11,B10) -> 145000 | G10: =AVERAGEIFS('Sales Data Master'!G$2:G$11, 'Sales Data Master'!B$2:B$11,B10) -> 0.85735294
B11: East | C11: =SUMIFS('Sales Data Master'!F$2:F$11,'Sales Data Master'!B$2:B$11, B11) -> 189000 | E11: =SUMIFS('Sales Data Master'!E$2:E$11, 'Sales Data Master'!B$2:B$11,B11) -> 200000 | G11: =AVERAGEIFS('Sales Data Master'!G$2:G$11, 'Sales Data Master'!B$2:B$11,B11) -> 0.93757576
B12: West | C12: =SUMIFS('Sales Data Master'!F$2:F$11,'Sales Data Master'!B$2:B$11, B12) -> 182000 | E12: =SUMIFS('Sales Data Master'!E$2:E$11, 'Sales Data Master'!B$2:B$11,B12) -> 155000 | G12: =AVERAGEIFS('Sales Data Master'!G$2:G$11, 'Sales Data Master'!B$2:B$11,B12) -> 1.1649573
B15: TOP PERFORMING SALES REPS
B16: Rank | C16: Sales Rep Name | E16: Highest Revenue
B17: 1 | C17: =INDEX('Sales Data Master'!C$2:C$11,MATCH(E17, 'Sales Data Master'!F$2:F$10, 0)) -> Rahul Verma | E17: =LARGE('Sales Data Master'!F$2:F$11,B17) -> 115000
B18: 2 | C18: =INDEX('Sales Data Master'!C$2:C$11,MATCH(E18, 'Sales Data Master'!F$2:F$10, 0)) -> Neha Gupta | E18: =LARGE('Sales Data Master'!F$2:F$11,B18) -> 110000
B19: 3 | C19: =INDEX('Sales Data Master'!C$2:C$11,MATCH(E19, 'Sales Data Master'!F$2:F$10, 0)) -> Amit sharma | E19: =LARGE('Sales Data Master'!F$2:F$11,B19) -> 95000

Sheet Sales Data Master
A1: Date | B1: Region | C1: Sales Rep | D1: Product Category | E1: Target amount | F1: Revenue Achieved | G1: Achievement % | H1: Commission Tier
A2: 46037 | B2: North | C2: Amit sharma | D2: Tech | E2: 80000 | F2: 95000 | G2: =F2/E2 -> 1.1875 | H2: =IF(G2>=1, "Tier 1 (High)", IF(G2>0.9, "Tier 2 (Standard)", "No Commission")) -> Tier 1 (High)
A3: 46047 | B3: North | C3: Amit sharma | D3: Furniture | E3: 50000 | F3: 55000 | G3: =F3/E3 -> 1.1 | H3: =IF(G3>=1, "Tier 1 (High)", IF(G3>0.9, "Tier 2 (Standard)", "No Commission")) -> Tier 1 (High)
A4: 46044 | B4: West | C4: Neha Gupta | D4: Tech | E4: 90000 | F4: 110000 | G4: =F4/E4 -> 1.2222222 | H4: =IF(G4>=1, "Tier 1 (High)", IF(G4>0.9, "Tier 2 (Standard)", "No Commission")) -> Tier 1 (High)
A5: 46058 | B5: West | C5: Neha Gupta | D5: Appliances | E5: 65000 | F5: 72000 | G5: =F5/E5 -> 1.1076923 | H5: =IF(G5>=1, "Tier 1 (High)", IF(G5>0.9, "Tier 2 (Standard)", "No Commission")) -> Tier 1 (High)
A6: 46040 | B6: South | C6: Priya patel | D6: Appliances | E6: 60000 | F6: 45000 | G6: =F6/E6 -> 0.75 | H6: =IF(G6>=1, "Tier 1 (High)", IF(G6>0.9, "Tier 2 (Standard)", "No Commission")) -> No Commission
A7: 46050 | B7: South | C7: Priya patel | D7: Tech | E7: 85000 | F7: 82000 | G7: =F7/E7 -> 0.96470588 | H7: =IF(G7>=1, "Tier 1 (High)", IF(G7>0.9, "Tier 2 (Standard)", "No Commission")) -> Tier 2 (Standard)
A8: 46042 | B8: East | C8: Rahul Verma | D8: Furniture | E8: 75000 | F8: 78000 | G8: =F8/E8 -> 1.04 | H8: =IF(G8>=1, "Tier 1 (High)", IF(G8>0.9, "Tier 2 (Standard)", "No Commission")) -> Tier 1 (High)
A9: 46063 | B9: North | C9: Rahul Verma | D9: Tech | E9: 95000 | F9: 115000 | G9: =F9/E9 -> 1.2105263 | H9: =IF(G9>=1, "Tier 1 (High)", IF(G9>0.9, "Tier 2 (Standard)", "No Commission")) -> Tier 1 (High)
A10: 46055 | B10: East | C10: Vikram singh | D10: Appliances | E10: 70000 | F10: 63000 | G10: =F10/E10 -> 0.9 | H10: =IF(G10>=1, "Tier 1 (High)", IF(G10>0.9, "Tier 2 (Standard)", "No Commission")) -> No Commission
A11: 46065 | B11: East | C11: Vikram singh | D11: Furniture | E11: 55000 | F11: 48000 | G11: =F11/E11 -> 0.87272727 | H11: =IF(G11>=1, "Tier 1 (High)", IF(G11>0.9, "Tier 2 (Standard)", "No Commission")) -> No Commission
